Cell1_RefFormID,Cell1_BaseFormID,Cell2_RefFormID,Cell2_BaseFormID
00000E61,00000034,0501F2A1,00000034
0010E3DD,0007872B,0501F2E8,0007872B
0010DEB3,00000034,0501F3EC,00000034
000FEE18,0001AFC6,0501F37E,0001AFC6
000E779F,00000034,0501F6E7,00000034
000E779E,00000034,0501F205,00000034
000C4216,00000034,0501F730,00000034
0006F1B2,00000034,0501F809,00000034
0006F1B1,00000034,0501F585,00000034
0006F1B0,00000034,0501F200,00000034
0006F1AE,00000034,0501F6ED,00000034
00018FDD,0000003B,0501F722,0000003B
00018F77,0000003B,0501F278,0000003B
00020081,0000003B,0501F75F,0000003B
00016AAA,000368CE,0501F6C6,000368CE
0006AE55,0005D7EA,0501F42F,0005D7EA
0006AC86,000C2A00,0501F318,000C2A00
0006AC7F,0006B57B,0501F255,0006B57B
000C847E,0006B57B,0501F654,0006B57B
000C84E4,000C2A00,0501F438,000C2A00
000C84E5,0006B57B,0501F201,0006B57B
000C84E6,0006B57B,0501F7D7,0006B57B
000D6A09,00000034,0501F758,00000034
000D6A0B,0007872B,0501F38D,0007872B
000D6A07,0007872B,0501F59F,0007872B
000D6A08,000A2BBF,0501F24F,000A2BBF
000D6A06,0007872B,0501F77A,0007872B
000D6A0C,00000034,0501F638,00000034
000D6A15,00000034,0501F1AA,00000034
0010FA77,000D4C27,0501F568,000D4C27
0010E32C,00054174,0501F75D,00054174
00104B32,000C1771,0501F1BC,000C1771
000E7818,000AA8F6,0501F3C6,000AA8F6
000E7817,000AA8F6,0501F228,000AA8F6
000C9F57,000AA8F6,0501F6BD,000AA8F6
000C9F53,000AA8F6,0501F49C,000AA8F6
000C84EB,000C2A02,0501F4FB,000C2A02
00016040,000AA8F6,0501F78F,000AA8F6
000FB462,000F4B4B,0501F70F,000F4B4B
000FB461,000F4B4B,0501F212,000F4B4B
0009DA0B,0009AF19,0501F35B,0009AF19
0007F357,0007DF2A,0501F852,0007DF2A
0007F356,0007DF2A,0501F2DB,0007DF2A
0007DDCD,0007DDBA,0501F485,0007DDBA
0006CD0A,0006CD0B,0501F74E,0006CD0B
0006CD09,000C2A01,0501F471,000C2A01
0006CD04,000C2A01,0501F222,000C2A01
0006CD00,0006CD0B,0501F486,0006CD0B
00016AAB,000C2A03,0501F264,000C2A03
0006AE61,0005D721,0501F713,0005D721
0006AE5E,0006D906,0501F545,0006D906
0006AE5C,0006D906,0501F7F9,0006D906
0006AE5A,0006CD0B,0501F69E,0006CD0B
0006AE59,0006ABB2,0501F767,0006ABB2
0006AE56,0005B384,0501F1B4,0005B384
0006AE6D,0005B388,0501F636,0005B388
0006AE54,0005D7E9,0501F4E9,0005D7E9
0006AE3E,0006C8AB,0501F6C5,0006C8AB
0006AE26,0003B436,0501F617,0003B436
0006AE25,0003B436,0501F660,0003B436
0006AE24,0003B436,0501F82D,0003B436
0006AE23,0003B436,0501F1D8,0003B436
0006AE01,0005DA25,0501F1F9,0005DA25
0006AE00,0005DA25,0501F413,0005DA25
0006ADFF,0005B3C8,0501F75B,0005B3C8
0006ADFC,0005D721,0501F71C,0005D721
0006ADFB,0005B38F,0501F500,0005B38F
0006ADF8,0006D906,0501F805,0006D906
0006ADE8,0006CD0B,0501F745,0006CD0B
0006ADE7,0006ABB2,0501F284,0006ABB2
0006ADE1,0005DA24,0501F74D,0005DA24
0006ADE0,00057A1A,0501F817,00057A1A
0006ADDF,0005B3C8,0501F869,0005B3C8
0006ADDE,0005B3C8,0501F7BF,0005B3C8
0006ADDC,0005B3C8,0501F311,0005B3C8
0006ADDB,0005B3C8,0501F769,0005B3C8
0006ADDA,00057A1A,0501F79A,00057A1A
0006ADD9,000C2A0E,0501F352,000C2A0E
0006ADD8,0005EFA2,0501F6BE,0005EFA2
0006ADD7,0005B3C8,0501F427,0005B3C8
0006ADD6,0005DA24,0501F4CC,0005DA24
0006ADD5,0006CD0B,0501F24C,0006CD0B
0006ADD4,0005B3C8,0501F2B7,0005B3C8
0006ADD3,0005B3C8,0501F849,0005B3C8
0006ADD1,0005D794,0501F53C,0005D794
0006ADD0,0005D794,0501F777,0005D794
0006ADCF,0005B3C8,0501F3CC,0005B3C8
0006ADCE,0005DA25,0501F773,0005DA25
0006ADCD,0005B3C8,0501F793,0005B3C8
0006ADCC,0005D794,0501F7E5,0005D794
0006ADCB,0006B3D3,0501F6C7,0006B3D3
0006ADCA,0005DA24,0501F210,0005DA24
0006ADC9,0005D721,0501F42C,0005D721
0006ADC8,0005EFA2,0501F627,0005EFA2
0006ADC7,0006ABB2,0501F5DE,0006ABB2
0006ADC6,0005D794,0501F520,0005D794
0006ADC5,0005B3C8,0501F688,0005B3C8
0006ADC3,0005DA24,0501F2CE,0005DA24
0006ADC2,0005DA24,0501F345,0005DA24
0006ADC1,0005DA25,0501F7FC,0005DA25
0006ADC0,0005B38F,0501F442,0005B38F
0006ADBF,0005D753,0501F434,0005D753
0006ADBD,0006ABB2,0501F35C,0006ABB2
0006ADBC,0005EFA2,0501F1ED,0005EFA2
0006ADB9,0005B3C8,0501F732,0005B3C8
0006ADB8,0006ABB2,0501F7A8,0006ABB2
0006ADB7,0005D721,0501F764,0005D721
0006ADB6,0005D721,0501F31C,0005D721
0006ADB5,0005EFA2,0501F7EB,0005EFA2
0006ADB4,0005EFA2,0501F788,0005EFA2
0006ADB3,0005EFA2,0501F740,0005EFA2
0006ADB2,0005EFA2,0501F804,0005EFA2
0006ADB1,0005B3C8,0501F69A,0005B3C8
0006ADB0,0005D794,0501F4A8,0005D794
0006ADAF,0005B3C8,0501F684,0005B3C8
0006ADAE,0005D794,0501F3BB,0005D794
0006ADAD,0006ABB2,0501F768,0006ABB2
0006ADAC,0005B3C8,0501F3E4,0005B3C8
0006ADAB,0005B3C8,0501F4F1,0005B3C8
0006ADAA,0005B3C8,0501F2BB,0005B3C8
0006ADA9,0005D794,0501F1C5,0005D794
0006ADA8,0005B3C8,0501F564,0005B3C8
0006ADA7,0005D794,0501F481,0005D794
0006ADA6,0005B3C8,0501F460,0005B3C8
0006ADA5,0005D794,0501F5F3,0005D794
0006ADA4,0005B3C8,0501F828,0005B3C8
0006ADA3,0005D794,0501F604,0005D794
0006AD9F,0006ABB2,0501F5A4,0006ABB2
0006AD9D,0005B38F,0501F7DA,0005B38F
0006AD9C,0005D721,0501F574,0005D721
0006AD9A,0005D794,0501F683,0005D794
0006AD97,0005B3C8,0501F307,0005B3C8
0006AD94,000D0EA3,0501F647,000D0EA3
0006AD93,0005EFA2,0501F319,0005EFA2
0006AD92,0005DA24,0501F6CA,0005DA24
0006AD91,0005D721,0501F7E8,0005D721
0006AD90,0005B389,0501F774,0005B389
0006AD8F,0005B389,0501F300,0005B389
0006AD8E,0005DA24,0501F7F7,0005DA24
0006AD8D,0005D721,0501F440,0005D721
0006AD8C,0005DA24,0501F7AA,0005DA24
0006AD8B,0005EFA2,0501F752,0005EFA2
0006AD89,0006ABB2,0501F250,0006ABB2
0006AD88,0005DA25,0501F4BD,0005DA25
0006AD87,0005D721,0501F77E,0005D721
0006AD86,0005EFA2,0501F632,0005EFA2
0006AD84,0005D794,0501F230,0005D794
0006AD83,0005B3C8,0501F1B0,0005B3C8
0006AD82,0005B3C8,0501F280,0005B3C8
0006AD81,0005D794,0501F5AB,0005D794
0006AD80,0005B3C8,0501F5BD,0005B3C8
0006AD7F,0005B3C8,0501F751,0005B3C8
0006AD7E,0005D794,0501F3FA,0005D794
0006AD7D,0005D794,0501F1E1,0005D794
0006AD7C,0005B3C8,0501F59E,0005B3C8
0006AD7B,0005B3C8,0501F721,0005B3C8
0006AD79,0005B3C8,0501F7EF,0005B3C8
0006AD78,0005B38F,0501F1B8,0005B38F
0006AD77,0005B38F,0501F2D5,0005B38F
0006AD76,0005EFA2,0501F6FB,0005EFA2
0006AD75,0005B3C8,0501F238,0005B3C8
0006AD74,0005EFA2,0501F5FC,0005EFA2
0006AD73,0005B3C8,0501F666,0005B3C8
0006AD72,0005B3C8,0501F618,0005B3C8
0006AD71,0005D794,0501F1DE,0005D794
0006AD70,0005D794,0501F63F,0005D794
0006AD6F,0005DA24,0501F6E8,0005DA24
0006AD6E,0005DA24,0501F21F,0005DA24
0006AD6D,0006ABB2,0501F1AE,0006ABB2
0006AD68,0006ABB2,0501F51B,0006ABB2
0006AD67,0005B38F,0501F6C0,0005B38F
0006AD66,0006ABB2,0501F76E,0006ABB2
0006AD65,0005B38F,0501F30C,0005B38F
0006AD64,0006ABB2,0501F628,0006ABB2
0006AD62,0005B392,0501F862,0005B392
0006AD61,0005B392,0501F55F,0005B392
0006AD5C,0005DA25,0501F73B,0005DA25
0006AD59,0005B3C8,0501F668,0005B3C8
0006AD58,0005B3C8,0501F4FA,0005B3C8
0006AD56,0006C905,0501F56E,0006C905
0006AD54,0006C905,0501F6F6,0006C905
0006AD53,0005EF8F,0501F2B3,0005EF8F
0006AD52,0005EFA2,0501F762,0005EFA2
0006AD4F,0005B3C8,0501F22E,0005B3C8
0006AD4E,0005B38F,0501F527,0005B38F
0006AD49,0005B38F,0501F559,0005B38F
0006AD48,0005EFA2,0501F7C5,0005EFA2
0006AD47,0005B3C8,0501F35E,0005B3C8
0006AD42,0005EF8F,0501F2C2,0005EF8F
0006AD3E,0006AD39,0501F626,0006AD39
0006AD3D,0006AD39,0501F54E,0006AD39
0006AD3A,0006AD39,0501F75A,0006AD39
0006AD38,0006AC76,0501F2CC,0006AC76
0006AD35,0006C958,0501F5EA,0006C958
0006AD34,0006ABDF,0501F739,0006ABDF
0006AD32,0006AC60,0501F1CC,0006AC60
0006AD2F,0006AC60,0501F6FA,0006AC60
0006AD2E,0006AC60,0501F6FD,0006AC60
0006AD2D,0006AD25,0501F81C,0006AD25
0006AD2C,0006AD25,0501F681,0006AD25
0006AD2B,0006C958,0501F735,0006C958
0006AD2A,0006ABDF,0501F263,0006ABDF
0006AD27,0006AD25,0501F283,0006AD25
0006AD26,0006AD25,0501F749,0006AD25
0006AD24,000A56AE,0501F74B,000A56AE
0006AD21,0006AC60,0501F4F3,0006AC60
0006AD20,0006AC76,0501F258,0006AC76
0006AD1D,0006ABE1,0501F2C6,0006ABE1
0006AD1C,0006ABE1,0501F1AC,0006ABE1
0006AD1A,0006ABE1,0501F21C,0006ABE1
0006AD16,0006ABE1,0501F7A5,0006ABE1
0006AD0F,0006C958,0501F5C3,0006C958
0006AD0D,0006C914,0501F3DB,0006C914
0006AD0C,0006C914,0501F6A0,0006C914
0006AD09,0006C905,0501F67C,0006C905
0006AD08,0005EF8F,0501F834,0005EF8F
0006AD05,0006ABE0,0501F842,0006ABE0
0006AD04,0006ABE0,0501F832,0006ABE0
0006AD03,0006AC5B,0501F3A2,0006AC5B
0006AD02,0006AD00,0501F44C,0006AD00
0006AD01,0006AD00,0501F41B,0006AD00
0006ACED,0006C905,0501F376,0006C905
0006ACEC,000C29DB,0501F54A,000C29DB
0006ACEB,0005EF8F,0501F83B,0005EF8F
0006ACEA,0005EF8F,0501F72F,0005EF8F
0006ACE9,0005EF8F,0501F274,0005EF8F
0006ACE7,0005EF8F,0501F661,0005EF8F
0006ACE4,0005B389,0501F82B,0005B389
0006ACDE,0006AE71,0501F63C,0006AE71
0006ACDD,0006AE71,0501F1B2,0006AE71
0006ACDC,0006ABDF,0501F3A7,0006ABDF
0006ACDB,0006ABDF,0501F725,0006ABDF
0006ACDA,000C8483,0501F3EF,000C8483
0006ACD7,0006ABE0,0501F723,0006ABE0
0006ACD6,0006ABE0,0501F718,0006ABE0
0006ACD5,0006AC76,0501F439,0006AC76
0006ACD3,0006AE71,0501F1F6,0006AE71
0006ACD2,0006ABDF,0501F1D5,0006ABDF
0006ACD0,0006ABE0,0501F6BF,0006ABE0
0006ACCE,0006ABE0,0501F737,0006ABE0
0006ACC4,0006AC76,0501F5B4,0006AC76
0006ACC3,0006C914,0501F215,0006C914
0006ACC2,0005B389,0501F20F,0005B389
0006ACC1,000EAA1E,0501F6E6,000EAA1E
0006ACC0,0006AC60,0501F652,0006AC60
0006ACBD,0006D75B,0501F420,0006D75B
0006ACBC,0006ABDF,0501F55A,0006ABDF
0006ACBB,0006ABDF,0501F394,0006ABDF
0006ACBA,0006ABE0,0501F204,0006ABE0
0006ACB9,0006AE71,0501F787,0006AE71
0006ACB8,0006ABE1,0501F5A3,0006ABE1
0006ACB6,0006ABE1,0501F3B0,0006ABE1
0006ACB5,0006ABE1,0501F350,0006ABE1
0006ACB3,0006ABE1,0501F331,0006ABE1
0006ACB2,0006ABE1,0501F67E,0006ABE1
0006ACB0,0006ABE1,0501F7D5,0006ABE1
0006ACAF,0006ABDF,0501F716,0006ABDF
0006ACAC,0006ABE0,0501F288,0006ABE0
0006ACAB,0005EF8F,0501F84D,0005EF8F
0006ACA9,0005EF8F,0501F70B,0005EF8F
0006ACA8,0005EF8F,0501F70C,0005EF8F
0006ACA7,0006C905,0501F33E,0006C905
0006ACA5,0006C905,0501F30A,0006C905
0006ACA3,0005EF8F,0501F4F5,0005EF8F
0006ACA2,0005EF8F,0501F70D,0005EF8F
0006ACA1,0005EF8F,0501F6EE,0005EF8F
0006AC9F,0005EF8F,0501F5FE,0005EF8F
0006AC9E,0006C905,0501F670,0006C905
0006AC9D,0006C905,0501F19C,0006C905
0006AC9C,0005EF8F,0501F693,0005EF8F
0006AC9B,0005EF8F,0501F4B7,0005EF8F
0006AC9A,0005EF8F,0501F708,0005EF8F
0006AC99,0005EF8F,0501F686,0005EF8F
0006AC97,0006C914,0501F72D,0006C914
0006AC96,000C29DB,0501F78A,000C29DB
0006AC93,0006C958,0501F7DC,0006C958
0006AC91,0006AE71,0501F6FC,0006AE71
0006AC90,0006C958,0501F3A5,0006C958
0006AC8B,000C8471,0501F4AE,000C8471
0006AC88,000C4D4F,0501F6FF,000C4D4F
0006AC7E,000C2A02,0501F327,000C2A02
0006AC7C,0006AC76,0501F7B3,0006AC76
0006AC7B,0006AC76,0501F6E5,0006AC76
0006AC77,0006AC76,0501F557,0006AC76
0006AC74,0005D794,0501F211,0005D794
0006AC71,0005D794,0501F2BE,0005D794
0006AC70,0005B3C8,0501F7FF,0005B3C8
0006AC6F,0005EF8F,0501F3E1,0005EF8F
0006AC6E,00057A1A,0501F415,00057A1A
0006AC6D,0005B3C8,0501F600,0005B3C8
0006AC6C,00057A1A,0501F7CA,00057A1A
0006AC6B,0005B389,0501F6C8,0005B389
0006AC69,0005B389,0501F86A,0005B389
0006AC68,0005B389,0501F7E7,0005B389
0006AC65,0006AC60,0501F509,0006AC60
0006AC64,0006AC60,0501F64E,0006AC60
0006AC63,0006AC60,0501F597,0006AC60
0006AC5F,0006C914,0501F609,0006C914
0006AC61,000EAA1E,0501F825,000EAA1E
0006ABCA,0006D906,0501F555,0006D906
0006ABC9,0006D907,0501F1D3,0006D907
0006ABC6,0007CA38,0501F650,0007CA38
0006ABC5,0006D906,0501F83E,0006D906
0006ABBA,0006D907,0501F830,0006D907
0006ABB8,0006D906,0501F537,0006D906
0006ABB7,0005B3C8,0501F6F4,0005B3C8
0006ABB6,0005B3C8,0501F6F1,0005B3C8
0006ABB5,0005EFA2,0501F36D,0005EFA2
0006ABB4,0005EFA2,0501F51F,0005EFA2
0006ABB1,0005DA24,0501F72C,0005DA24
0006ABB0,0005B38F,0501F50A,0005B38F
0006ABAF,0005D721,0501F6C2,0005D721
0006ABAE,0005B38F,0501F46F,0005B38F
0006ABAD,0005B38F,0501F665,0005B38F
0006ABAC,0005D721,0501F6E2,0005D721
0006ABAA,0005B38F,0501F508,0005B38F
0006ABA9,0005DA24,0501F5CE,0005DA24
0006ABA8,0005EFA2,0501F6E0,0005EFA2
0006ABA6,0006ABB2,0501F48D,0006ABB2
0006ABA4,0005B38F,0501F5D6,0005B38F
0006ABA2,0005B38F,0501F347,0005B38F
0006ABA1,0005EFA2,0501F4AB,0005EFA2
0006AB9F,0005DA25,0501F572,0005DA25
0006AB9E,0005D721,0501F61D,0005D721
0006AB9D,0005EFA2,0501F2BF,0005EFA2
0006AB9C,0005EFA2,0501F290,0005EFA2
0006AB9B,0005B38F,0501F6DB,0005B38F
0006AB9A,0005EFA2,0501F2A8,0005EFA2
0006AB99,0005D794,0501F348,0005D794
0006AB98,0005B3C8,0501F68D,0005B3C8
0006AB97,0005B3C8,0501F492,0005B3C8
0006AB96,0005D794,0501F459,0005D794
0006AB95,0005B3C8,0501F6D0,0005B3C8
0006AB94,0005B3C8,0501F28B,0005B3C8
0006AB93,0005D794,0501F26D,0005D794
0006AB92,0005B3C8,0501F7C1,0005B3C8
0006AB91,0005D794,0501F6CE,0005D794
0006AB90,0005B3C8,0501F80F,0005B3C8
0006AB8F,0005D794,0501F48B,0005D794
0006AB8E,0005B3C8,0501F4DD,0005B3C8
0006AB8D,0005D794,0501F1B6,0005D794
0006AB8C,0005B3C8,0501F6B5,0005B3C8
0006AB8B,0005D794,0501F77B,0005D794
0006AB8A,0005B3C8,0501F709,0005B3C8
0006AB89,0005B3C8,0501F295,0005B3C8
0006AB88,0005D794,0501F6C3,0005D794
0006AB87,0005B3C8,0501F86F,0005B3C8
0006AB86,0005D794,0501F791,0005D794
0006AB85,0005B3C8,0501F761,0005B3C8
0006AB84,0005B3C8,0501F694,0005B3C8
0006AB83,0005D794,0501F782,0005D794
0006AB82,0005D794,0501F246,0005D794
0006AB80,0005D794,0501F657,0005D794
0006AB63,0006D906,0501F6D1,0006D906
0006AB4E,000C57AA,0501F7F2,000C57AA
0006AB4D,00012FEA,0501F322,00012FEA
0006AB4C,0006D907,0501F79D,0006D907
0006AB4A,0005EFA2,0501F61A,0005EFA2
0006AB49,000D0EA3,0501F3E6,000D0EA3
0006AB48,0006E83A,0501F7C2,0006E83A
0006AB47,0005D794,0501F856,0005D794
0006AB3E,00057A1A,0501F5DD,00057A1A
0006AB3C,0006D907,0501F4B2,0006D907
0006AB04,0005B3C8,0501F569,0005B3C8
0006AB03,0005B3C8,0501F6C1,0005B3C8
0006AB02,0006B36B,0501F1D7,0006B36B
0006ABCF,0005D794,0501F5B2,0005D794
0006ABCE,0005B3C8,0501F39F,0005B3C8
0006ABCD,0005D794,0501F305,0005D794
0006ABD2,0005B3C8,0501F2FA,0005B3C8
0006ABD3,0005D721,0501F68F,0005D721
0006ABDE,0005B3C8,0501F76F,0005B3C8
0006ABE5,0006ABDF,0501F5E8,0006ABDF
0006ABE9,0006ABE0,0501F7DF,0006ABE0
0006ABEA,0006ABDF,0501F5BB,0006ABDF
0006ABEE,0005EF8F,0501F494,0005EF8F
0006ABEF,000C8483,0501F69B,000C8483
0006ABF3,0005EF8F,0501F6AB,0005EF8F
0006ABF6,0006ABE0,0501F546,0006ABE0
0006ABF7,0006AE71,0501F7F4,0006AE71
0006ABF8,0006ABE0,0501F43B,0006ABE0
0006ABF9,0006D75B,0501F29D,0006D75B
0006ABFA,0006ABDF,0501F227,0006ABDF
0006ABFB,0006ABDF,0501F73D,0006ABDF
0006ABFC,0006ABE0,0501F648,0006ABE0
0006ABFD,0006AE71,0501F635,0006AE71
0006ABFE,0006ABDF,0501F53F,0006ABDF
0006AC02,0005B391,0501F3AE,0005B391
0006AC03,0006ABB2,0501F4E7,0006ABB2
0006AC06,0006CD0B,0501F7ED,0006CD0B
0006AC07,0005B392,0501F631,0005B392
0006AC0D,0006ABE1,0501F6A4,0006ABE1
0006AC10,0006ABE1,0501F49F,0006ABE1
0006AC11,0006ABE1,0501F2F1,0006ABE1
0006AC13,0006ABE1,0501F7BA,0006ABE1
0006AC14,0006ABE1,0501F6C9,0006ABE1
0006AC16,0006ABE1,0501F3EE,0006ABE1
0006AC19,0006ABE1,0501F2E6,0006ABE1
0006AC1B,0006ABE1,0501F6DC,0006ABE1
0006AC1C,0006ABE0,0501F566,0006ABE0
0006AC1F,0006ABDF,0501F243,0006ABDF
0006AC20,0006ABE0,0501F281,0006ABE0
0006AC21,0006ABDF,0501F1FC,0006ABDF
0006AC27,0005EF8F,0501F5AE,0005EF8F
0006AC28,0005EF8F,0501F71A,0005EF8F
0006AC2A,0006ABDF,0501F74C,0006ABDF
0006AC2C,0005EF8F,0501F32A,0005EF8F
0006AC2E,0006C905,0501F763,0006C905
0006AC30,0006C905,0501F385,0006C905
0006AC36,0005EF8F,0501F6EF,0005EF8F
0006AC37,0006C905,0501F2A7,0006C905
0006AC38,0006C905,0501F81A,0006C905
0006AC39,0005EF8F,0501F67A,0005EF8F
0006AC3C,0006C905,0501F44B,0006C905
0006AC3E,0005EF8F,0501F6D9,0005EF8F
0006AC41,0006C905,0501F59A,0006C905
0006AC44,0005EF8F,0501F6AF,0005EF8F
0006AC47,0006ABDF,0501F4D5,0006ABDF
0006AC48,0006ABDF,0501F685,0006ABDF
0006AC49,0006C914,0501F3E2,0006C914
0006AC4B,0006AD33,0501F58B,0006AD33
0006AC55,0005EFA2,0501F696,0005EFA2
0006AC58,0006C905,0501F5C2,0006C905
0006AC5A,0006C905,0501F5BF,0006C905
0006AE6C,0005B388,0501F543,0005B388
0006AE6B,0005D721,0501F47A,0005D721
0006AE6A,0005D721,0501F664,0005D721
0006AE67,0005D793,0501F7C0,0005D793
0006AE66,0005D793,0501F778,0005D793
0006AE72,0006AE71,0501F819,0006AE71
0006C96F,0006C96A,0501F73E,0006C96A
0006C96E,0006C96A,0501F583,0006C96A
0006C96D,0006C96B,0501F62C,0006C96B
0006C96C,0006C96A,0501F63A,0006C96A
0006C961,0005DA25,0501F515,0005DA25
0006C962,0005B3C8,0501F68E,0005B3C8
0006C963,0005B3C8,0501F720,0005B3C8
0006C968,000C29DE,0501F5CA,000C29DE
0006C969,000C674D,0501F7EE,000C674D
0006C8A1,0005D793,0501F1C6,0005D793
0006C8A2,0005D793,0501F6D7,0005D793
0006C8A3,0005B3C7,0501F79E,0005B3C7
0006C8A4,0005B380,0501F57A,0005B380
0006C8A6,0005D7B4,0501F2EF,0005D7B4
0006C8A7,0005B380,0501F354,0005B380
0006C8A8,0005D7B4,0501F77C,0005D7B4
0006C8A9,0005B3C7,0501F245,0005B3C7
0006C8AA,0005B381,0501F2E0,0005B381
0006C8AC,0005D721,05021634,0005D721
0006C8AD,0005D721,0501F633,0005D721
0006C8AE,0006CD0B,0501F692,0006CD0B
0006C8AF,0005D7B4,0501F2AC,0005D7B4
0006C8B0,0005D7B4,0501F2A3,0005D7B4
0006C8B1,0005B381,0501F677,0005B381
0006C8B3,0005B381,0501F1EB,0005B381
0006C8B4,0005B3C7,0501F577,0005B3C7
0006C8B5,0005B3C7,0501F76A,0005B3C7
0006C8B6,0005D7B4,0501F214,0005D7B4
0006C8B7,0005D7B4,0501F58F,0005D7B4
0006C8B8,0005D7B4,0501F4DE,0005D7B4
0006C8B9,0005B380,0501F66E,0005B380
0006C8BA,0005B380,0501F663,0005B380
0006C8D9,0005B381,0501F1E4,0005B381
0006C8E9,0005B3C7,0501F6E3,0005B3C7
0006C8EA,0005B380,0501F4C7,0005B380
0006C8EB,0005D7B4,0501F217,0005D7B4
0006C8EC,0005B381,0501F67B,0005B381
0006C8ED,0005B381,0501F6F2,0005B381
0006C8EF,0005EF8F,0501F679,0005EF8F
0006C8F3,0005B38F,0501F2F3,0005B38F
0006C8F4,0005B38F,0501F6E9,0005B38F
0006C8F5,0005EFA2,0501F808,0005EFA2
0006C8F6,0005D794,0501F248,0005D794
0006C8F7,0005B3C8,0501F781,0005B3C8
0006C8F8,0005D794,0501F83D,0005D794
0006C8F9,0005B3C8,0501F712,0005B3C8
0006C8FA,0005B3C8,0501F275,0005B3C8
0006C8FB,0005B3C8,0501F2F8,0005B3C8
0006C8FD,0005B3C8,0501F31A,0005B3C8
0006C8FE,0005B3C8,0501F516,0005B3C8
0006C8FF,0005DA25,0501F80B,0005DA25
0006C900,0005DA25,0501F71B,0005DA25
0006C901,0005B389,0501F6B3,0005B389
0006C902,0005B388,0501F6CB,0005B388
0006C903,0006CD0B,0501F487,0006CD0B
0006C904,0006ABB2,0501F332,0006ABB2
0006C906,0006AD39,0501F1F4,0006AD39
0006C907,0005B389,0501F7E6,0005B389
0006C908,0005B389,0501F1F8,0005B389
0006C909,0005B38F,0501F2AF,0005B38F
0006C90B,0006C90A,0501F23A,0006C90A
0006C90C,0006C90A,0501F56D,0006C90A
0006C90E,0006C90D,0501F4B4,0006C90D
0006C90F,0006C90D,0501F504,0006C90D
0006C910,0006C90D,0501F78C,0006C90D
0006C911,0006C90D,0501F776,0006C90D
0006C913,0006C90D,0501F797,0006C90D
0006C915,0006ABE2,0501F6A1,0006ABE2
0006C916,0006ABE2,0501F3EB,0006ABE2
0006C917,0006ABE2,0501F771,0006ABE2
0006C918,0006ABE2,0501F37F,0006ABE2
0006C919,0006AC60,0501F3F1,0006AC60
0006C91A,0006AC60,0501F7B6,0006AC60
0006C91B,0006AC60,0501F6E1,0006AC60
0006C91C,0006AC60,0501F7A0,0006AC60
0006C91D,000C29DC,0501F1B9,000C29DC
0006C924,0005B3C8,0501F7A1,0005B3C8
0006C925,0005B3C8,0501F23E,0005B3C8
0006C926,0005DA25,0501F39C,0005DA25
0006C927,0005B3C8,0501F5B7,0005B3C8
0006C928,0005B3C8,0501F219,0005B3C8
0006C936,0005DA24,0501F52A,0005DA24
0006C937,0006CD0B,0501F7A7,0006CD0B
0006C938,0006ABE1,0501F7A9,0006ABE1
0006C939,0006ABE1,0501F40C,0006ABE1
0006C93A,0006ABE2,0501F4CE,0006ABE2
0006C93C,0006C905,0501F7AC,0006C905
0006C93D,0006C905,0501F7AD,0006C905
0006C93E,0005EF8F,0501F7AE,0005EF8F
0006C93F,0005EF8F,0501F579,0005EF8F
0006C940,0005EF8F,0501F507,0005EF8F
0006C941,0006C90D,0501F7AF,0006C90D
0006C942,0006C90D,0501F534,0006C90D
0006C943,0006C90D,0501F3F3,0006C90D
0006C944,0006ABDF,0501F3E9,0006ABDF
0006C945,0006AE71,0501F422,0006AE71
0006C946,0006AC76,0501F377,0006AC76
0006C947,0006AC76,0501F57C,0006AC76
0006C948,0006AC76,0501F353,0006AC76
0006C949,0006AC76,0501F1F0,0006AC76
0006C94A,0006AC76,0501F719,0006AC76
0006C94B,0006AC76,0501F5F0,0006AC76
0006C94D,0006AE71,0501F7B9,0006AE71
0006C94E,0006ABE2,0501F656,0006ABE2
0006C94F,0006AC5B,0501F810,0006AC5B
0006C950,0006AC5B,0501F747,0006AC5B
0006C951,0005B3C8,0501F74A,0005B3C8
0006C952,0006C954,0501F710,0006C954
0006C953,0006C954,0501F3B9,0006C954
0006C955,0006C954,0501F839,0006C954
0006C957,0006AC76,0501F615,0006AC76
0006C959,0006C958,0501F402,0006C958
0006C95A,0006AE71,0501F7BE,0006AE71
0006C960,0005B3C8,0501F5AD,0005B3C8
0006C976,0006C96A,0501F45E,0006C96A
0006C975,0006C96A,0501F411,0006C96A
0006C974,0006C96A,0501F6DF,0006C96A
0006C973,0006C96A,0501F1E8,0006C96A
0006C972,0006C96A,0501F4E4,0006C96A
0006C971,0006C96A,0501F756,0006C96A
0006C970,0006C96A,0501F7C3,0006C96A
0006E95A,0006AD00,0501F62D,0006AD00
0006E959,0006AC60,0501F27C,0006AC60
0006E900,0006D907,0501F5C6,0006D907
0006E901,0006D906,0501F22A,0006D906
0006E902,0006E83E,0501F5C4,0006E83E
0006E903,0003FAB9,0501F43E,0003FAB9
0006E904,0006E84F,0501F1DF,0006E84F
0006E905,0006D907,0501F368,0006D907
0006E906,0003FAB9,0501F406,0003FAB9
0006E907,0003FAB9,0501F7C7,0003FAB9
0006E908,0006D906,0501F7C8,0006D906
0006E909,0006D907,0501F2CA,0006D907
0006E90A,0006D907,0501F7C9,0006D907
0006E90B,0003FAB9,0501F7D2,0003FAB9
0006E90C,0006E83D,0501F333,0006E83D
0006E90D,0006D906,0501F64F,0006D906
0006E90E,0006E83E,0501F77D,0006E83E
0006E90F,0006D906,0501F488,0006D906
0006E910,0006E83E,0501F297,0006E83E
0006E911,0006D906,0501F2EE,0006D906
0006E912,0006E83E,0501F7CD,0006E83E
0006E913,0006D906,0501F7CF,0006D906
0006E914,0006E83D,0501F561,0006E83D
0006E915,0006D907,0501F5C0,0006D907
0006E916,0003FAB9,0501F784,0003FAB9
0006E917,0006E83D,0501F5A8,0006E83D
0006E918,0006D906,0501F3AD,0006D906
0006E919,0006D907,0501F72E,0006D907
0006E91A,0003FAB9,0501F32E,0003FAB9
0006E91B,0006E84F,0501F6A2,0006E84F
0006E91C,0003FAB9,0501F6D4,0003FAB9
0006E91D,0006D906,0501F7D3,0006D906
0006E91E,0006E83E,0501F7D4,0006E83E
0006E91F,0006D906,0501F3FD,0006D906
0006E920,0006E933,0501F7D6,0006E933
0006E921,0006E83E,0501F6CF,0006E83E
0006E922,0006E83E,0501F261,0006E83E
0006E923,0006D907,0501F25B,0006D907
0006E924,0003FAB9,0501F5F6,0003FAB9
0006E925,0006D907,0501F6CD,0006D907
0006E926,0003FAB9,0501F714,0003FAB9
0006E927,0006E84F,0501F2DF,0006E84F
0006E928,0003FAB9,0501F7D9,0003FAB9
0006E929,0006D906,0501F69D,0006D906
0006E92A,0006D906,0501F44A,0006D906
0006E92B,0006E83A,0501F7DB,0006E83A
0006E934,0006E83D,0501F6B9,0006E83D
0006E9BE,0005EF8F,0501F85F,0005EF8F
0006E9BF,0005EF8F,0501F724,0005EF8F
00070DD9,0005F222,0501F4BB,0005F222
00070DDB,0005F222,0501F36F,0005F222
00070DDD,0005F222,0501F5E2,0005F222
00070DDF,0005F222,0501F7C6,0005F222
000C868B,00064B2E,0501F858,00064B2E
000C868A,00064B2F,0501F315,00064B2F
000C8689,00064B2F,0501F66F,00064B2F
000C8688,00064B2E,0501F3DA,00064B2E
000C8686,00064B2E,0501F624,00064B2E
000C8683,00098621,0501F646,00098621
000C8682,00098623,0501F4FD,00098623
000C8681,00098621,0501F256,00098621
000C8680,00098626,0501F2A5,00098626
000C867F,000C29E0,0501F7E2,000C29E0
000C867E,00098624,0501F796,00098624
000C867D,00098625,0501F789,00098625
000C867C,000E42E0,0501F840,000E42E0
000C864D,00065C97,0501F4D4,00065C97
000C864C,00065C98,0501F273,00065C98
000C864B,00064B31,0501F4A5,00064B31
000C864A,00064B32,0501F55C,00064B32
000C8649,00064B33,0501F451,00064B33
000C8648,00064B35,0501F335,00064B35
000C8647,00064B34,0501F780,00064B34
000C8646,00064B36,0501F760,00064B36
000C8643,00064B41,0501F5BE,00064B41
000C8642,00064B3A,0501F85E,00064B3A
000C8641,00064B3B,0501F62A,00064B3B
000C8640,00065C9F,0501F19E,00065C9F
000C863F,00064B3C,0501F80D,00064B3C
000C863E,0007E8C5,0501F4C9,0007E8C5
000C8633,00086016,0501F7EA,00086016
000C8612,000B9BE0,0501F5C7,000B9BE0
000C8611,00077E1C,0501F490,00077E1C
000C8610,000C6CBC,0501F7EC,000C6CBC
000C860F,000B9BD0,0501F706,000B9BD0
000C860E,000B9BD4,0501F1A5,000B9BD4
000C860D,000B9BD2,0501F7B5,000B9BD2
000C860B,000B9BD4,0501F337,000B9BD4
000C860A,00077E1D,0501F662,00077E1D
000C8609,000B9BD4,0501F5AC,000B9BD4
000C8608,000B9BD0,0501F61E,000B9BD0
000C8607,000B9BD0,0501F70E,000B9BD0
000C8606,000B9BD4,0501F3BF,000B9BD4
000C8605,00012FE7,0501F357,00012FE7
000C8604,00012FE9,0501F2D9,00012FE9
000C8603,0006717F,0501F31F,0006717F
000C8602,000B9BD2,0501F622,000B9BD2
000C8600,00012FE9,0501F7FA,00012FE9
000C85FF,00012FE7,0501F7FB,00012FE7
000C85FE,00093D2E,0501F65A,00093D2E
000C85FD,00093D2E,0501F4AD,00093D2E
000C85FC,00093D2C,0501F3B6,00093D2C
000C85FB,0005ADA0,0501F602,0005ADA0
000C85FA,0005ADA0,0501F800,0005ADA0
000C85F9,000F5D0A,0501F801,000F5D0A
000C85F8,0006D617,0501F802,0006D617
000C85F7,00012FE7,0501F302,00012FE7
000C85F6,00012FE7,0501F86C,00012FE7
000C85F5,0007A617,0501F68C,0007A617
000C85F4,0007A617,0501F755,0007A617
000C85F3,0007A609,0501F3A3,0007A609
000C85F2,0007A609,0501F45B,0007A609
000C85F1,0007A603,0501F807,0007A603
000C85ED,000ED161,0501F6F8,000ED161
000C85EC,0002A563,0501F7E3,0002A563
000C85EB,0001ACD7,0501F1CD,0001ACD7
000C85EA,0001ACD8,0501F234,0001ACD8
000C85E9,0001ACD1,0501F80C,0001ACD1
000C85E8,00037DEA,0501F72B,00037DEA
000C85E5,000A0322,0501F823,000A0322
000C85E4,000ED04B,0501F62F,000ED04B
000C85E3,000ED03B,0501F85B,000ED03B
000C85E2,000E0D66,0501F26B,000E0D66
000C85E1,000EDD35,0501F2BC,000EDD35
000C85E0,000EB090,0501F66B,000EB090
000C85DE,000EF638,0501F64D,000EF638
000C85D8,0001ACDD,0501F34A,0001ACDD
000C85D4,000A0322,0501F2CF,000A0322
000C85D3,000ED037,0501F826,000ED037
000C85D2,000E7F31,0501F2EA,000E7F31
000C85D1,0001ACDC,0501F2EC,0001ACDC
000C85CE,0001B26A,0501F34D,0001B26A
000C85CB,0001AD18,0501F36B,0001AD18
000C85C9,000ED60B,0501F28A,000ED60B
000C85C3,0001AF91,0501F497,0001AF91
000C85C2,0001B25E,0501F20B,0001B25E
000C85C1,000C29DC,0501F65D,000C29DC
000C85C0,000C29DB,0501F2B1,000C29DB
000C85BF,0001B274,0501F84A,0001B274
000C85BE,0001ACCD,0501F821,0001ACCD
000C85BD,0001ACC6,0501F590,0001ACC6
000C85BC,0001ACD5,0501F7BC,0001ACD5
000C85BB,000ED604,0501F2C8,000ED604
000C85BA,000ED030,0501F260,000ED030
000C85B9,0001AD11,0501F5CC,0001AD11
000C85B8,00083B38,0501F53A,00083B38
000C85B7,0001ACB6,0501F687,0001ACB6
000C85B6,000ED02E,0501F689,000ED02E
000C85B5,0001ACB8,0501F1CA,0001ACB8
000C85B4,000ED161,0501F584,000ED161
000C85B0,000ED035,0501F581,000ED035
000C85AD,000ED033,0501F6EB,000ED033
000C85AB,0001AF8F,0501F203,0001AF8F
000C85AA,000EB090,0501F2E5,000EB090
000C85A8,000D6F0B,0501F23C,000D6F0B
000C85A7,0001ACDC,0501F4DB,0001ACDC
000C85A5,000E7F33,0501F251,000E7F33
000C85A3,0001ACD9,0501F7E1,0001ACD9
000C85A2,0001B26A,0501F82C,0001B26A
000C859F,000ED5F6,0501F390,000ED5F6
000C859E,0001ACD2,0501F392,0001ACD2
000C859D,0007EB03,0501F717,0007EB03
000C859C,000EF53E,0501F323,000EF53E
000C8598,0007EBC9,0501F444,0007EBC9
000C8596,0001AFBA,0501F835,0001AFBA
000C8595,0001AF91,0501F2FF,0001AF91
000C8594,0001B25E,0501F873,0001B25E
000C8593,0007EBC2,0501F1E6,0007EBC2
000C8592,0007EBC9,0501F240,0007EBC9
000C858A,000DABAB,0501F7CC,000DABAB
000C8591,000DABA7,0501F607,000DABA7
000C8590,000DABA9,0501F313,000DABA9
000C858F,000DABA9,0501F613,000DABA9
000C858E,000DABAB,0501F3D5,000DABAB
000C858D,000DABAB,0501F292,000DABAB
000C858C,000DABA9,0501F2C1,000DABA9
000C858B,000DABA7,0501F1A3,000DABA7
000C8586,000ED603,0501F68A,000ED603
000C8587,0009F267,0501F6AA,0009F267
000C8588,000ED03B,0501F6AC,000ED03B
000C8476,000DABAB,0501F6BB,000DABAB
000C8477,000DABA9,0501F565,000DABA9
000C8478,000C29DC,0501F2F2,000C29DC
000C8479,000C29DB,0501F1AD,000C29DB
000C847A,000C29DC,0501F680,000C29DC
000C847B,000C29DB,0501F860,000C29DB
000C847C,000DABA7,0501F80E,000DABA7
000C847D,000DABAB,0501F81B,000DABAB
000C847F,000C2A02,0501F59C,000C2A02
000C8480,000BF9CF,0501F845,000BF9CF
000C8481,000BF9CF,0501F334,000BF9CF
000C8482,000C57AA,0501F4D3,000C57AA
000C8484,000C2A02,0501F6F7,000C2A02
000C8485,000C65BF,0501F1DB,000C65BF
000C8486,000C65BF,0501F7CE,000C65BF
000C8487,000C65BF,0501F599,000C65BF
000C8488,000C65BF,0501F535,000C65BF
000C8489,000C84A4,0501F820,000C84A4
000C848C,000B7E3E,0501F60C,000B7E3E
000C848F,000C29E0,0501F5D5,000C29E0
000C8490,000C29E0,0501F418,000C29E0
000C8492,000ED603,0501F469,000ED603
000C8493,0001AFC3,0501F667,0001AFC3
000C8494,000ED033,0501F216,000ED033
000C8495,0001AFF2,0501F2E3,0001AFF2
000C8497,000ED63F,0501F1D1,000ED63F
000C8498,000ED607,0501F2D0,000ED607
000C849A,0001AFD3,0501F728,0001AFD3
000C849D,0001AFF1,0501F84C,0001AFF1
000C84A1,000ED030,0501F67D,000ED030
000C84A2,000ED604,0501F38B,000ED604
000C848A,000C84A4,0501F608,000C84A4
000C84A5,000C29F5,0501F27A,000C29F5
000C84A7,0001AF8C,0501F84F,0001AF8C
000C84A6,0001AF8E,0501F24E,0001AF8E
000C84A8,0001AF8D,0501F54D,0001AF8D
000C84A9,0001AF8E,0501F54B,0001AF8E
000C84AB,000C29DB,0501F871,000C29DB
000C84AC,000C29DB,0501F726,000C29DB
000C8491,000AAE79,0501F361,000AAE79
000C84AD,000C6CBA,0501F853,000C6CBA
000C84AE,0009DAA4,0501F5FD,0009DAA4
000C84AF,00070D88,0501F625,00070D88
000C84B1,000C4BBE,0501F855,000C4BBE
000C84B2,0009DAA4,0501F74F,0009DAA4
000C84B3,00070D88,0501F56B,00070D88
000C84B4,000C2A02,0501F857,000C2A02
000C84B5,000C29DD,0501F20D,000C29DD
000C84B6,000C29DC,0501F85D,000C29DC
000C84B7,000BB94F,0501F7A4,000BB94F
000C84B8,000BB950,0501F744,000BB950
000C84B9,0006B303,0501F3DD,0006B303
000C84BA,00021365,0501F4F6,00021365
000C84BB,00021365,0501F3C4,00021365
000C84BD,0006B303,0501F5CF,0006B303
000C84BC,000C84BE,0501F85A,000C84BE
000C84BF,000C84BE,0501F682,000C84BE
000C84C0,000C84BE,0501F4A6,000C84BE
000C84C1,0002136D,0501F207,0002136D
000C84C2,0002136D,0501F35F,0002136D
000C84C3,0002136D,0501F611,0002136D
000C84C4,0002136D,0501F5D8,0002136D
000C84C5,0002136D,0501F47F,0002136D
000C84C6,0006E83E,0501F1CF,0006E83E
000C84C7,0006E83E,0501F1C3,0006E83E
000C84C8,0006E83A,0501F775,0006E83A
000C84C9,0006E83D,0501F3CE,0006E83D
000C84CA,0005B3C8,0501F1D9,0005B3C8
000C84CB,0005B3C8,0501F6BC,0005B3C8
000C84CC,0005DA25,0501F705,0005DA25
000C84CD,0005DA25,0501F43D,0005DA25
000C84CE,0005B3C8,0501F861,0005B3C8
000C84CF,0006E83E,0501F5E0,0006E83E
000C84D0,000C29DD,0501F629,000C29DD
000C84D1,000C29DF,0501F42E,000C29DF
000C84D2,0006CD0B,0501F76C,0006CD0B
000C84D3,0006CD0B,0501F232,0006CD0B
000C84D5,000C84D6,0501F45D,000C84D6
000C84D7,000C84D6,0501F2AE,000C84D6
000C84D8,000C84D9,0501F753,000C84D9
000C84DB,0002E6CD,0501F5E7,0002E6CD
000C84DC,0002E6CD,0501F6DA,0002E6CD
000C84DE,000C674D,0501F4BE,000C674D
000C84DF,000C57AA,0501F6F9,000C57AA
000C84E0,000C674C,0501F645,000C674C
000C84E1,000C4D4E,0501F7D0,000C4D4E
000C84E2,0005DA25,0501F379,0005DA25
000C84E3,000BF9CF,0501F864,000BF9CF
000C84E7,000BF9CF,0501F330,000BF9CF
000C84E8,000C57AA,0501F478,000C57AA
000C84E9,000C2A02,0501F82E,000C2A02
000C84EA,000C2A02,0501F342,000C2A02
000C84EC,000C5698,0501F866,000C5698
000C84ED,000C5698,0501F867,000C5698
000C84EE,000C5698,0501F5F5,000C5698
000C84EF,000C5698,0501F21E,000C5698
000C84F0,000C5698,0501F847,000C5698
000C84F1,000C5698,0501F2B6,000C5698
000C84F2,000C5698,0501F24A,000C5698
000C84F3,000C5698,0501F1C7,000C5698
000C84F4,000C5698,0501F837,000C5698
000C84F5,000C5698,0501F533,000C5698
000C84F6,0007A603,0501F4EA,0007A603
000C84F7,000C29DB,0501F30F,000C29DB
000C84F8,000C29DB,0501F271,000C29DB
000C84F9,000C4D4F,0501F61B,000C4D4F
000C84FA,000C29D8,0501F25C,000C29D8
000C84FB,000C4BE5,0501F2C3,000C4BE5
000C84FC,000C4BE5,0501F5EC,000C4BE5
000C84FD,0005B389,0501F224,0005B389
000C84FE,0005B389,0501F3C9,0005B389
000C84FF,0005B389,0501F3B7,0005B389
000C8500,0005B389,0501F7F0,0005B389
000C8501,000C29DC,0501F6A7,000C29DC
000C8502,000C29F5,0501F75E,000C29F5
000C8504,000C2A02,0501F6F0,000C2A02
000C8505,000C4D4E,0501F5D1,000C4D4E
000C8506,000C29D8,0501F2FC,000C29D8
000C8507,000C29D8,0501F429,000C29D8
000C8508,000C4D4E,0501F456,000C4D4E
000C8509,000B7E3E,0501F803,000B7E3E
000C850A,000B7E3E,0501F86D,000B7E3E
000C850B,000B7E3E,0501F2E2,000B7E3E
000C850C,000C4D4F,0501F4B9,000C4D4F
000C850D,000C4D4E,0501F695,000C4D4E
000C850E,000C29D8,0501F703,000C29D8
000C850F,000C29D8,0501F6BA,000C29D8
000C8510,000C2A02,0501F795,000C2A02
000C8511,0009DAA4,0501F595,0009DAA4
000C8512,000C8CFF,0501F39E,000C8CFF
000C8513,000C29D8,0501F483,000C29D8
000C8514,000C2A04,0501F870,000C2A04
000C8515,000C2A04,0501F252,000C2A04
000C8516,000C29D8,0501F26A,000C29D8
000C8517,000C2A02,0501F51E,000C2A02
000C8518,0006B28D,0501F242,0006B28D
000C8519,000C2A02,0501F41A,000C2A02
000C851A,000C674D,0501F1B3,000C674D
000C851B,000C29DB,0501F50F,000C29DB
000C851C,0005B389,0501F2D7,0005B389
000C851D,0005B388,0501F356,0005B388
000C851E,0006B30E,0501F3FB,0006B30E
000C851F,000C6CBA,0501F46C,000C6CBA
000C8520,000C4D58,0501F734,000C4D58
000C8521,00093D41,0501F742,00093D41
000C8522,000C4D58,0501F7A2,000C4D58
000C8523,000C4D58,0501F5C5,000C4D58
000C8524,000C29D8,0501F548,000C29D8
000C8525,000C2A04,0501F3AB,000C2A04
000C8526,000C2A06,0501F30E,000C2A06
000C8527,000C2A06,0501F2DD,000C2A06
000C8528,0005DA24,0501F7CB,0005DA24
000C8529,0005DA24,0501F812,0005DA24
000C852A,0005DA24,0501F285,0005DA24
000C852B,000C4D58,0501F321,000C4D58
000C852C,0006B303,0501F79B,0006B303
000C852D,0006B303,0501F1EA,0006B303
000C852E,000C4D58,0501F1A0,000C4D58
000C852F,000C29D8,0501F875,000C29D8
000C8530,000C4BE3,0501F592,000C4BE3
000C8531,000C2A05,0501F5E4,000C2A05
000C8532,000C29DB,0501F876,000C29DB
000C8533,000C29DB,0501F1D0,000C29DB
000C8534,000C29DB,0501F241,000C29DB
000C8535,000C29DB,0501F2A9,000C29DB
000C8536,000C8471,0501F7B1,000C8471
000C8537,000C8471,0501F58D,000C8471
000C8538,000C2A06,0501F38A,000C2A06
000C8539,000C57AA,0501F36A,000C57AA
000C853A,000C674C,0501F32C,000C674C
000C853B,000C4D58,0501F877,000C4D58
000C853C,000C4BE5,0501F878,000C4BE5
000C853D,000C4BE5,0501F2B0,000C4BE5
000C853E,000C8471,0501F851,000C8471
000C853F,000C8471,0501F66D,000C8471
000C8540,000C4D58,0501F276,000C4D58
000C8541,000C8DB9,0501F29C,000C8DB9
000C8542,000C57AA,0501F1CE,000C57AA
000C8543,000C2A04,0501F1F1,000C2A04
000C8544,000C29D8,0501F649,000C29D8
000C8545,000C2A03,0501F286,000C2A03
000C8546,000C4BE5,0501F2C5,000C4BE5
000C8547,000C4BE5,0501F1AB,000C4BE5
000C8548,000C2A06,0501F639,000C2A06
000C854A,000C4BE4,0501F355,000C4BE4
000C854B,000C2A03,0501F27B,000C2A03
000C854C,000C4D58,0501F1F5,000C4D58
000C854D,000D0EA3,0501F237,000D0EA3
000C854F,000C4D4F,0501F2F0,000C4D4F
000C8550,000C29D9,0501F2F9,000C29D9
000C8551,000C29D8,0501F38C,000C29D8
000C8552,000C4D4E,0501F3DE,000C4D4E
000C8553,000C29DA,0501F4B3,000C29DA
000C8554,0006CD0B,0501F56A,0006CD0B
000C8555,0006CD0B,0501F58A,0006CD0B
000C8556,000C4D4E,0501F387,000C4D4E
000C8557,000C29D8,0501F254,000C29D8
000C8558,0009DAA4,0501F2A6,0009DAA4
000C8559,00070D88,0501F27E,00070D88
000C855A,00093D3B,0501F1B5,00093D3B
000C855B,00093D3B,0501F1D6,00093D3B
000C855C,00093D3D,0501F3F0,00093D3D
000C855D,00093D3D,0501F382,00093D3D
000C855E,0001ACB7,0501F304,0001ACB7
000C855F,0001AFFB,0501F495,0001AFFB
000C8561,0001B026,0501F401,0001B026
000C8562,000ED605,0501F3FF,000ED605
000C8563,0001ACBA,0501F63D,0001ACBA
000C8564,000ED5F7,0501F63B,000ED5F7
000C8565,000F1AB3,0501F351,000F1AB3
000C8566,0001ACBB,0501F34F,0001ACBB
000C8567,000ED03D,0501F50D,000ED03D
000C8568,0001B25A,0501F50B,0001B25A
000C8569,000ED5F5,0501F859,000ED5F5
000C856C,0001B238,0501F498,0001B238
000C856F,0001AFD7,0501F7BD,0001AFD7
000C8571,0001AFC2,0501F23D,0001AFC2
000C8573,0001ACDF,0501F2A2,0001ACDF
000C8575,0001B245,0501F598,0001B245
000C8576,0001ACB8,0501F506,0001ACB8
000C8579,0001B262,0501F2B4,0001B262
000C857B,0001ACBC,0501F5F2,0001ACBC
000C857C,0001ACCB,0501F43A,0001ACCB
000C857D,000ED046,0501F28C,000ED046
000C857E,0001ACC9,0501F5FF,0001ACC9
000C8582,000B64B1,0501F5A7,000B64B1
000C8583,000ED02F,0501F3D6,000ED02F
000C868E,00093D3B,0501F239,00093D3B
000C868C,00045C28,0501F1F3,00045C28
000C8687,00098626,0501F63E,00098626
000C8DBF,0005EF8F,0501F630,0005EF8F
000C8DBA,0006CD0B,0501F3DC,0006CD0B
000C8DB4,00097F51,0501F38E,00097F51
000C8DB3,00097F51,0501F1C2,00097F51
000C8DB2,00097F6A,0501F674,00097F6A
000C8DB1,00097F6A,0501F247,00097F6A
000C8DB0,00097F6A,0501F453,00097F6A
000C8DAF,00012FEB,0501F50E,00012FEB
000C8DAE,00012FE9,0501F4D7,00012FE9
000C8DAD,00012FEC,0501F637,00012FEC
000C8DAC,00012FE9,0501F5EE,00012FE9
000C8DAB,00012FEC,0501F2EB,00012FEC
000C8DAA,00012FE9,0501F4AC,00012FE9
000C8DA9,00012FEB,0501F690,00012FEB
000C8DA8,00012FEB,0501F329,00012FEB
000C8DA7,00012FEA,0501F306,00012FEA
000C8DA6,00012FEC,0501F790,00012FEC
000C8DA5,00012FE9,0501F3D7,00012FE9
000C8DA4,00012FEC,0501F3A9,00012FEC
000C8DA2,0007A609,0501F349,0007A609
000C8DA1,0007A603,0501F7E0,0007A603
000C8D9C,0003EAE0,0501F699,0003EAE0
000C8D9B,000C8CFC,0501F4B5,000C8CFC
000C8D9A,0003EAF2,0501F20E,0003EAF2
000C8D99,0003EAF2,0501F1E2,0003EAF2
000C8D97,00086016,0501F5FA,00086016
000C8D95,00044E70,0501F44F,00044E70
000C8D94,00044E70,0501F523,00044E70
000C8D93,00098624,0501F23B,00098624
000C8D92,00064B2E,0501F5DA,00064B2E
000C8D91,00064B2F,0501F792,00064B2F
000C8D8F,00064B2F,0501F84B,00064B2F
000C8D8D,0003EAE5,0501F704,0003EAE5
000C8D8C,0003EAE0,0501F772,0003EAE0
000C8D8B,0001B3BD,0501F42B,0001B3BD
000C8D89,00086016,0501F43C,00086016
000C8D82,000B9BD4,0501F3ED,000B9BD4
000C8D81,00077E1D,0501F435,00077E1D
000C8D7E,00098626,0501F621,00098626
000C8D7C,0001AFD4,0501F1A7,0001AFD4
000C8D7B,000E7F37,0501F1A8,000E7F37
000C8D7A,00098623,0501F532,00098623
000C8D79,000ED035,0501F544,000ED035
000C8D75,00064B2E,0501F562,00064B2E
000C8D72,00098621,0501F1FE,00098621
000C8D71,00098621,0501F838,00098621
000C8D70,00098620,0501F294,00098620
000C8D6F,00098620,0501F711,00098620
000C8D6E,0003133B,0501F1F2,0003133B
000C8D6A,0001E3A3,0501F1FA,0001E3A3
000C8D69,000C29DD,0501F339,000C29DD
000C8D68,00098626,0501F29E,00098626
000C8D67,00098620,0501F827,00098620
000C8D66,00098620,0501F7DE,00098620
000C8D65,00098621,0501F2E9,00098621
000C8D64,00098621,0501F64C,00098621
000C8D63,00098621,0501F503,00098621
000C8D62,00098621,0501F4BA,00098621
000C8D61,00098624,0501F65F,00098624
000C8D60,00098627,0501F3A0,00098627
000C8D5F,00098621,0501F65E,00098621
000C8D5E,00098621,0501F2D3,00098621
000C8D5C,00086016,0501F81E,00086016
000C8D59,00086016,0501F301,00086016
000C8D53,00086017,0501F2E4,00086017
000C8D51,0001AF90,0501F3F9,0001AF90
000C8D50,000EDD35,0501F640,000EDD35
000C8D4F,000B9BD4,0501F7A3,000B9BD4
000C8D4E,000DABA9,0501F25A,000DABA9
000C8D4D,0005B388,0501F65B,0005B388
000C8D4C,0005B389,0501F3FE,0005B389
000C8D4B,0005B389,0501F3C5,0005B389
000C8D4A,0005B388,0501F2D6,0005B388
000C8D48,00086017,0501F6D5,00086017
000C8D45,000E42DF,0501F6A3,000E42DF
000C8D3E,00064B2F,0501F1C4,00064B2F
000C8D3C,000E42DF,0501F235,000E42DF
000C8D39,00086017,0501F29A,00086017
000C8D2F,00086017,0501F6CC,00086017
000C8D2E,00012FEB,0501F5D0,00012FEB
000C8D2D,00012FEB,0501F619,00012FEB
000C8D2A,000ED5F6,0501F64B,000ED5F6
000C8D28,000ED606,0501F36C,000ED606
000C8D27,000E7EF0,0501F2F7,000E7EF0
000C8D23,000DABA7,0501F34C,000DABA7
000C8D22,000DABA9,0501F547,000DABA9
000C8D21,00012FEA,0501F44D,00012FEA
000C8D20,00012FEA,0501F6F5,00012FEA
000C8D1F,00012FEA,0501F815,00012FEA
000C8D1E,00012FE8,0501F863,00012FE8
000C8D1D,00012FE8,0501F19F,00012FE8
000C8D1C,00012FE9,0501F1E9,00012FE9
000C8D1B,00012FEB,0501F4AA,00012FEB
000C8D1A,00012FEA,0501F5E5,00012FEA
000C8D16,00098627,0501F61C,00098627
000C8D15,000C4BE4,0501F5AA,000C4BE4
000C8D14,0001ACC7,0501F78E,0001ACC7
000C8D13,0001ACD2,0501F643,0001ACD2
000C8D12,000EA5B0,0501F2BD,000EA5B0
000C8D11,000B9BD2,0501F26C,000B9BD2
000C8D10,000B9BD4,0501F71E,000B9BD4
000C8D0F,000B9BD4,0501F466,000B9BD4
000C8D0E,00098623,0501F641,00098623
000C8D0D,000C29D8,0501F5B3,000C29D8
000C8D0C,000C4D4E,0501F6AE,000C4D4E
000C8D0A,000C4D4E,0501F417,000C4D4E
000C8D09,000BF9CF,0501F5D4,000BF9CF
000C8D08,000BF9CF,0501F5A2,000BF9CF
000C8D07,000C57AA,0501F272,000C57AA
000C8D06,000C2A02,0501F1BF,000C2A02
000C8D05,000C8CFF,0501F233,000C8CFF
000C8D04,000BB94B,0501F1DC,000BB94B
000C8D03,000BB94B,0501F644,000BB94B
000C8D02,000C8CFC,0501F265,000C8CFC
000C8D01,000BB94D,0501F3EA,000BB94D
000C8D00,000BB94B,0501F2DA,000BB94B
000C8CFE,000BB94B,0501F1BB,000BB94B
000C8CFD,000C8CFC,0501F6A8,000C8CFC
000C8CFB,000BB94B,0501F848,000BB94B
000C8CFA,0001AF8B,0501F836,0001AF8B
000C8CF9,0001B26E,0501F2C9,0001B26E
000C8CF8,0001ACD6,0501F2C7,0001ACD6
000C8CF7,0001ACD8,0501F874,0001ACD8
000C8CF6,0001AF8D,0501F1E3,0001AF8D
000C8CF5,000ED63F,0501F702,000ED63F
000C8CF3,0001AF8C,0501F213,0001AF8C
000C8CF2,000F456D,0501F7C4,000F456D
000C8CF1,000ED607,0501F62B,000ED607
000C8CEE,000C6CBA,0501F76D,000C6CBA
000C8CEB,00064B3A,0501F854,00064B3A
000C8CE8,00104B3F,0501F2B5,00104B3F
000C8CE7,00104B40,0501F49D,00104B40
000C8CE6,0003199A,0501F289,0003199A
000C8CE5,0003199A,0501F31E,0003199A
000C8CE4,00031941,0501F1FF,00031941
000C8CE3,00104B3F,0501F2B9,00104B3F
000C8CE2,00104B40,0501F4A1,00104B40
000C8CE1,00031941,0501F7F8,00031941
000C8CDF,000319E3,0501F2F6,000319E3
000C8CDE,000319E3,0501F324,000319E3
000C8CDD,000319E3,0501F450,000319E3
000C8CDC,000319E3,0501F816,000319E3
000C8CDB,0003133B,0501F868,0003133B
000C8CDA,000508CA,0501F209,000508CA
000C8CD9,0002C35A,0501F1EC,0002C35A
000C8CD8,000508CA,0501F253,000508CA
000C8CD7,0006E7A4,0501F268,0006E7A4
000C8CD4,00012FE6,0501F496,00012FE6
000C8CD3,0001E3A3,0501F282,0001E3A3
000C8CD2,0003EAE3,0501F5AF,0003EAE3
000C8CD1,00073CEA,0501F2E1,00073CEA
000C8CD0,00064B3A,0501F2FE,00064B3A
000C8CCF,000319E3,0501F6E4,000319E3
000C8CCE,00064B3B,0501F71D,00064B3B
000C8CCD,00064B3B,0501F465,00064B3B
000C8CCC,00104B3F,0501F48F,00104B3F
000C8CCB,00104B40,0501F5C8,00104B40
000C8CCA,0003199A,0501F601,0003199A
000C8CC9,0003199A,0501F616,0003199A
000C8CC8,00031941,0501F82A,00031941
000C8CC7,00104B3F,0501F2DC,00104B3F
000C8CC6,00104B40,0501F472,00104B40
000C8CC5,00031941,0501F405,00031941
000C8CC4,000319E3,0501F83A,000319E3
000C8CC3,0006D907,0501F320,0006D907
000C8CC2,0006D907,0501F2F4,0006D907
000C8CC1,0006D907,0501F73A,0006D907
000C8CC0,0006D907,0501F55E,0006D907
000C8CBF,0005C016,0501F373,0005C016
000C8CBE,00031941,0501F833,00031941
000C8CBD,00065C98,0501F296,00065C98
000C8CBC,00064B32,0501F1C8,00064B32
000C8CBB,000319E3,0501F1BE,000319E3
000C8CB8,0010D666,0501F31B,0010D666
000C8CB7,00034D22,0501F454,00034D22
000C8CB6,00034D22,0501F49E,00034D22
000C8CB5,00034D22,0501F4C3,00034D22
000C8CB4,00034D22,0501F60E,00034D22
000C8CB3,00034D22,0501F655,00034D22
000C8CB2,00034D22,0501F441,00034D22
000C8CB1,00034D22,0501F60B,00034D22
000C8CB0,000185B2,0501F27D,000185B2
000C8CAF,000318FB,0501F553,000318FB
000C8CAE,00064B32,0501F84E,00064B32
000C8CAD,00064B32,0501F66A,00064B32
000C8CAC,0006717F,0501F380,0006717F
000C8CAB,00067180,0501F446,00067180
000C8CAA,00012FDF,0501F603,00012FDF
000C8CA9,0007E8C8,0501F7FE,0007E8C8
000C8CA6,0002F2F4,0501F1FB,0002F2F4
000C8CA5,0002F590,0501F829,0002F590
000C8CA2,00065C9F,0501F340,00065C9F
000C8CA1,00064B3B,0501F229,00064B3B
000C8CA0,00064B3B,0501F4DA,00064B3B
000C8C9F,00034D23,0501F5F8,00034D23
000C8C9E,000D790C,0501F421,000D790C
000C8C9D,000319E5,0501F56C,000319E5
000C8C9B,0004B0BA,0501F879,0004B0BA
000C8C99,00104B3F,0501F33A,00104B3F
000C8C98,00104B40,0501F51C,00104B40
000C8C97,00104B3F,0501F700,00104B3F
000C8C96,00104B40,0501F2D1,00104B40
000C8C95,00064B42,0501F5F1,00064B42
000C8C94,00064B42,0501F7B7,00064B42
000C8C93,00064B42,0501F86E,00064B42
000C8C92,000669A5,0501F729,000669A5
000C8C91,000318FA,0501F757,000318FA
000C8C90,000318FB,0501F287,000318FB
000C8C8F,000318FA,0501F267,000318FA
000C8C8D,00012FE7,0501F1A9,00012FE7
000C8C8C,00012FEB,0501F4D9,00012FEB
000C8C8B,00012FEA,0501F4A7,00012FEA
000C8C8A,00012FEB,0501F2BA,00012FEB
000C8C89,00012FE8,0501F4F0,00012FE8
000C8C88,0003199A,0501F7F5,0003199A
000C8C87,0003199A,0501F5E6,0003199A
000C8C86,00031941,0501F5E3,00031941
000C8C85,00104B3F,0501F47E,00104B3F
000C8C84,00104B40,0501F5F9,00104B40
000C8C83,00031941,0501F464,00031941
000C8C82,000319E3,0501F567,000319E3
000C8C81,000C6CBC,0501F5DB,000C6CBC
000C8C80,00045C28,0501F669,00045C28
000C8DC3,000BF9D5,0501F1C9,000BF9D5
000C8DC1,0005DA25,0501F53D,0005DA25
000C8DC0,0005EF8F,0501F5D7,0005EF8F
000C9FAE,00098620,0501F822,00098620
000C9FAD,00098620,0501F5D3,00098620
000C9FAC,00098623,0501F40B,00098623
000C9FA9,00086015,0501F346,00086015
000C9FA6,00086015,0501F594,00086015
000C9FA2,0003EAE5,0501F86B,0003EAE5
000C9FA1,00064B31,0501F7B2,00064B31
000C9FA0,00064B35,0501F433,00064B35
000C9F9F,00064B3D,0501F291,00064B3D
000C9F9C,00098625,0501F4EF,00098625
000C9F99,00064B40,0501F366,00064B40
000C9F97,0003133B,0501F5CB,0003133B
000C9F91,00064B41,0501F6D8,00064B41
000C9F90,00064B41,0501F4F4,00064B41
000C9F6F,00098621,0501F5C1,00098621
000C9F6E,00098621,0501F46E,00098621
000C9F6D,00098621,0501F7D1,00098621
000C9F6C,00098627,0501F79F,00098627
000C9F6B,00065C98,0501F73F,00065C98
000C9F6A,00065C97,0501F223,00065C97
000C9F69,000B9BD0,0501F378,000B9BD0
000C9F68,000B9BD8,0501F312,000B9BD8
000C9F67,000C4BE5,0501F841,000C4BE5
000C9F5F,00065C97,0501F3C1,00065C97
000C9F5E,00064B36,0501F40A,00064B36
000C9F5D,0001397E,0501F221,0001397E
000C9F5C,000D790C,0501F202,000D790C
000C9F5B,0006CD0B,0501F2CB,0006CD0B
000C9F5A,000B9BD4,0501F62E,000B9BD4
000C9F59,000B9BD0,0501F5B9,000B9BD0
000C9F58,000C841C,0501F1BD,000C841C
000C9FB0,000C4BBE,0501F5B8,000C4BBE
000C9F54,00077772,0501F24D,00077772
000C9FAF,00098626,0501F2B8,00098626
000C9F52,000C9F51,0501F3B2,000C9F51
000C9F50,000C9F51,0501F5B5,000C9F51
000C9F4F,000C9F4E,0501F3E3,000C9F4E
000C9F4D,000C4D4E,0501F41C,000C4D4E
000C9F4C,000C2A01,0501F5B1,000C2A01
000C9F4B,000C8CFC,0501F474,000C8CFC
000C9F4A,0009DAA4,0501F5B0,0009DAA4
000C9F35,0006CD0B,0501F765,0006CD0B
000C9F2F,0002EB0E,0501F5A9,0002EB0E
000C9F30,00033DA4,0501F675,00033DA4
000CC254,000669A2,0501F51A,000669A2
000CC256,000722B0,0501F3D9,000722B0
000CC255,000722B0,0501F64A,000722B0
000CC257,000CC232,0501F5A5,000CC232
000CC253,00034D2D,0501F573,00034D2D
000CC252,00034D30,0501F505,00034D30
000CC251,00034D2D,0501F799,00034D2D
000CC250,00034D2C,0501F850,00034D2C
000CC234,000CC232,0501F6B0,000CC232
000CC073,0003EB03,0501F779,0003EB03
000CC074,0003EB09,0501F59D,0003EB09
000CC076,00039B4A,0501F59B,00039B4A
000CC07A,0003EADF,0501F697,0003EADF
000CC07B,00039BE6,0501F634,00039BE6
000CC07C,0003EAE6,0501F5ED,0003EAE6
000CC07D,0003EB0D,0501F4A2,0003EB0D
000CC07E,00045C28,0501F5D2,00045C28
000CC07F,0005076E,0501F244,0005076E
000CC080,0001B3BD,0501F4EB,0001B3BD
000CC081,000516C8,0501F1C1,000516C8
000CC082,0003F7F8,0501F7A6,0003F7F8
000CC083,000C842B,0501F591,000C842B
000CC084,000B9BDA,0501F738,000B9BDA
000CC085,000B9BDA,0501F391,000B9BDA
000CC086,000B9BDA,0501F58E,000B9BDA
000CC087,000B9BD2,0501F3C8,000B9BD2
000CC088,0003F7F8,0501F536,0003F7F8
000CC089,000C9F51,0501F6D6,000C9F51
000CC0EC,000C9F51,0501F360,000C9F51
000CC0ED,00045C28,0501F27F,00045C28
000E7812,0005F222,0501F556,0005F222
000E780D,0005F222,0501F588,0005F222
000E780B,0006D7CF,0501F2B2,0006D7CF
000E7809,0006D7CF,0501F19D,0006D7CF
000E7807,000CD065,0501F587,000CD065
000E7816,000D5ACE,0501F586,000D5ACE
000E7815,00086017,0501F4E8,00086017
00015F35,0002EB11,0501F521,0002EB11
00015F36,0002EB11,0501F824,0002EB11
00015F37,0002EB11,0501F754,0002EB11
00015F38,0002EB11,0501F4BF,0002EB11
00015F39,0002EB11,0501F4CB,0002EB11
00015F48,0005F222,0501F21A,0005F222
00015F4A,00098627,0501F3A1,00098627
00015F4B,00098626,0501F26E,00098626
00015F4C,000D5AD0,0501F578,000D5AD0
00015F4D,00098623,0501F4E1,00098623
00015F4E,00098620,0501F414,00098620
00015F49,0001B00B,0501F33D,0001B00B
00015F54,000E2617,0501F576,000E2617
00015F58,00012FE7,0501F1D2,00012FE7
00015F5A,00064B42,0501F1FD,00064B42
00015F5C,0005D6EA,0501F6B4,0005D6EA
00015F5D,0005D6E3,0501F408,0005D6E3
00015F60,00093D45,0501F69F,00093D45
00015F61,0009DAA4,0501F83F,0009DAA4
00015F62,000C8CFC,0501F786,000C8CFC
00015F64,000CE016,0501F818,000CE016
00015F65,000CE016,0501F731,000CE016
00015F66,000CE016,0501F325,000CE016
00015F67,000CE016,0501F277,000CE016
00015F6A,000CE016,0501F846,000CE016
00015F6D,000CE016,0501F55D,000CE016
00015F6F,000B9BE0,0501F55B,000B9BE0
00015F71,000B9BE0,0501F2FD,000B9BE0
00015F75,00086017,0501F558,00086017
00015F76,000D5ACE,0501F1E7,000D5ACE
00015F7E,000CE016,0501F1A1,000CE016
00015F7F,000CE016,0501F4BC,000CE016
00015F80,000CE016,0501F5BA,000CE016
00015F86,000CE016,0501F54C,000CE016
00015F89,000CE016,0501F19A,000CE016
00015F87,000CE016,0501F750,000CE016
00015F88,000CE016,0501F552,000CE016
00015F8C,000E42DF,0501F66C,000E42DF
00015F8D,000D5ACE,0501F2A4,000D5ACE
00015F8F,00086015,0501F22B,00086015
00015F91,000B9BE0,0501F1B7,000B9BE0
00015F92,000B9BE0,0501F550,000B9BE0
00015F97,000CE016,0501F54F,000CE016
00015F99,000CE016,0501F843,000CE016
00015F9B,000CE016,0501F549,000CE016
00015F9C,000CE016,0501F4E0,000CE016
00015F9D,0002EB11,0501F220,0002EB11
00015F9F,000DABA9,0501F249,000DABA9
00015FA0,000DABA7,0501F53E,000DABA7
00015FA1,000DABA9,0501F5D9,000DABA9
00015FA2,000DABA9,0501F53B,000DABA9
00015FA3,000DABA7,0501F539,000DABA7
00015FA4,000DABA7,0501F538,000DABA7
00015FA5,0003F7F8,0501F560,0003F7F8
00015FA7,0001B3BD,0501F2ED,0001B3BD
00015FA8,000B9BD4,0501F2F5,000B9BD4
00015FA9,000C4D58,0501F389,000C4D58
00015FAA,000B9BDA,0501F58C,000B9BDA
00015FAB,000B9BDA,0501F7B0,000B9BDA
00015FAC,000B9BDA,0501F432,000B9BDA
00015FAD,000B9BD0,0501F531,000B9BD0
00015FAE,0001B3BD,0501F530,0001B3BD
00015FAF,0002EB11,0501F317,0002EB11
00015FB0,0002EB11,0501F52F,0002EB11
00015FB1,0002EB11,0501F52E,0002EB11
00015FB2,0002EB11,0501F501,0002EB11
00015FB3,0002EB11,0501F52C,0002EB11
00015FB4,0002EB11,0501F388,0002EB11
00015FB5,0002EB11,0501F593,0002EB11
00015FB6,0002EB11,0501F529,0002EB11
00015FB7,0002EB11,0501F314,0002EB11
00015FB8,0002EB11,0501F2AA,0002EB11
00015FB9,0002EB11,0501F6B7,0002EB11
00015FBA,0002EB11,0501F3AC,0002EB11
00015FBB,0002EB11,0501F526,0002EB11
00015FBC,0002EB11,0501F525,0002EB11
00015FBD,0002EB11,0501F30D,0002EB11
00015FBE,0002EB11,0501F524,0002EB11
00015FBF,0002EB11,0501F522,0002EB11
00015FC0,0002EB11,0501F72A,0002EB11
00015FC1,0002EB11,0501F298,0002EB11
00015F9A,000CE016,0501F3B3,000CE016
00015F96,000CE016,0501F51D,000CE016
00015F7D,000CE016,0501F6EC,000CE016
00015F7C,000CE016,0501F519,000CE016
00015FC2,0002EB11,0501F452,0002EB11
00015FC3,000CE016,0501F518,000CE016
00015FC4,0002EB11,0501F269,0002EB11
00015FC6,0005F222,0501F443,0005F222
00015F7A,000CE016,0501F551,000CE016
00015F7B,000CE016,0501F2CD,000CE016
00015F79,000CE016,0501F513,000CE016
00015FC7,000B9BE0,0501F512,000B9BE0
00015FC8,000B9BE0,0501F511,000B9BE0
00015FC9,000B9BD8,0501F510,000B9BD8
00015FCA,000B9BE0,0501F872,000B9BE0
00015FCB,000B9BE0,0501F50C,000B9BE0
00015FCD,000E42DF,0501F316,000E42DF
00015FCF,0003EAE7,0501F6AD,0003EAE7
00015FD0,0001B3BD,0501F3CB,0001B3BD
00015FD2,00093D3B,0501F794,00093D3B
00015FD3,000C674C,0501F236,000C674C
00015FD1,000C57AA,0501F502,000C57AA
00015FD5,000CC163,0501F52D,000CC163
00015FD4,000CC16A,0501F470,000CC16A
00016005,000CC163,0501F4CF,000CC163
0001602B,000CC163,0501F4FE,000CC163
00015F34,0002EB11,0501F38F,0002EB11
00054674,0003611F,0501F1EF,0003611F
0005461B,0003611F,0501F393,0003611F
0005461A,0003611F,0501F428,0003611F
00054618,0003611F,0501F259,0003611F
00054612,0003611F,0501F21D,0003611F
00054611,0003611F,0501F2FB,0003611F
00054607,0003611F,0501F5CD,0003611F
00054606,0003611F,0501F449,0003611F
00054603,0003611F,0501F6A6,0003611F
000545E5,0003611F,0501F4E6,0003611F
000545E4,0003611F,0501F41F,0003611F
000545E3,0003611F,0501F4E5,0003611F
000545E2,0003611F,0501F225,0003611F
000545E0,0003611F,0501F741,0003611F
000545D8,0003611F,0501F4E3,0003611F
000545D7,0003611F,0501F47B,0003611F
000545D5,0003611F,0501F542,0003611F
000545BD,0003611F,0501F2AB,0003611F
000DD4CA,000C2A01,0501F4DF,000C2A01
000DD4C9,000D5AD0,0501F338,000D5AD0
000DD4C8,000ED046,0501F76B,000ED046
000DD4C7,00077E1E,0501F303,00077E1E
000DD4C6,000C4D58,0501F4DC,000C4D58
000DD4C5,000C4D58,0501F4D8,000C4D58
000DD4C4,0005B389,0501F4D6,0005B389
000DD4C3,0005B389,0501F81D,0005B389
000DD4BD,0007CA66,0501F7E4,0007CA66
000DD4C2,000319E3,0501F671,000319E3
000DD4BB,000C5349,0501F4D1,000C5349
000DD4B8,0001BCA7,0501F4D0,0001BCA7
000DD4B7,0001BC82,0501F4FF,0001BC82
000DD4B6,000E2617,0501F7AB,000E2617
000DD4B5,00064B32,0501F266,00064B32
000DD4B4,00065C98,0501F4CD,00065C98
000DD4B3,0002136E,0501F57E,0002136E
000DD4B2,00018801,0501F206,00018801
000DD4B1,0002136D,0501F4CA,0002136D
000DD4B0,0005C036,0501F610,0005C036
000DD4AE,0003858F,0501F3F7,0003858F
000DD4AD,00021362,0501F4C4,00021362
000DD4AC,00077078,0501F365,00077078
000DD4AB,0006D906,0501F4C0,0006D906
000DD4AA,000319E3,0501F4B8,000319E3
000DD4A9,0006E83E,0501F47D,0006E83E
000DD4A8,0006E83E,0501F362,0006E83E
000DD4A7,0006D906,0501F4B0,0006D906
000DD4A6,0006E83E,0501F4AF,0006E83E
000DD4A5,0006D906,0501F1D4,0006D906
000DD4A4,0003FAB9,0501F1F7,0003FAB9
000DD4A3,0003FAB9,0501F707,0003FAB9
000DD4A2,0006D907,0501F4A9,0006D907
000DD4A1,0003FAB9,0501F4A4,0003FAB9
000DD4A0,0006D907,0501F4A3,0006D907
000DD49F,0003FAB9,0501F623,0003FAB9
000DD49E,0006E84F,0501F4A0,0006E84F
000DD49D,0003FAB9,0501F20C,0003FAB9
000DD49C,00067180,0501F1E0,00067180
000DD49B,00012FE9,0501F6FE,00012FE9
000DD49A,00012FEC,0501F49B,00012FEC
000DD499,00012FE9,0501F49A,00012FE9
000DD498,0002136D,0501F499,0002136D
000DD497,00021365,0501F491,00021365
000DD496,0005F222,0501F2C0,0005F222
000DD495,0006D906,0501F28F,0006D906
000DD494,0006D906,0501F48E,0006D906
000DD493,0006D907,0501F6DE,0006D907
000DD492,0003FAB9,0501F48C,0003FAB9
000DD491,0006D907,0501F48A,0006D907
000DD490,0006E83E,0501F37B,0006E83E
000DD48F,0006D906,0501F489,0006D906
000DD48E,0006E83E,0501F68B,0006E83E
000DD48D,0006D906,0501F6DD,0006D906
000DD479,0006E83D,0501F484,0006E83D
000DD453,0006E83D,0501F6B2,0006E83D
000DD413,0003B436,0501F386,0003B436
000DD4CD,0001AFC1,0501F426,0001AFC1
000DD4CC,000B9BE0,0501F5E1,000B9BE0
000DD4CB,000D5AD0,0501F4B6,000D5AD0
000E996E,0006C958,0501F1E5,0006C958
000E996F,0006C958,0501F19B,0006C958
000E9970,0006C958,0501F47C,0006C958
000E996D,0006C958,0501F477,0006C958
000EAA33,0005D7B4,0501F3CD,0005D7B4
000EAA0F,0005EFA2,0501F476,0005EFA2
000EAA10,0005EFA2,0501F39A,0005EFA2
000EAA11,000D0EB0,0501F5DC,000D0EB0
000EAA12,000D0EB0,0501F463,000D0EB0
000EAA13,0005EFA2,0501F462,0005EFA2
000EAA14,0005EFA2,0501F32D,0005EFA2
000EAA15,0005EFA2,0501F3F5,0005EFA2
000EAA16,0005EFA2,0501F45F,0005EFA2
000EAA17,0005EFA2,0501F3D0,0005EFA2
000EAA18,0005EFA2,0501F2D4,0005EFA2
000EAA19,000D0EB0,0501F45C,000D0EB0
000EAA1A,0005EFA2,0501F759,0005EFA2
000EAA1D,000EAA1C,0501F458,000EAA1C
000EAA1F,000D0EB0,0501F457,000D0EB0
000EAA20,0005EFA2,0501F455,0005EFA2
000EAA21,0005EFA2,0501F208,0005EFA2
000EAA22,0005EFA2,0501F1B1,0005EFA2
000EAA23,000D0EB0,0501F22F,000D0EB0
000EAA24,0006CD0B,0501F29F,0006CD0B
000EAA25,000EAA1C,0501F673,000EAA1C
000EAA26,0006AC76,0501F605,0006AC76
000EAA27,0006AC76,0501F370,0006AC76
000EAA28,0006AC76,0501F7F3,0006AC76
000EAA29,0006AC76,0501F4EE,0006AC76
000EAA2A,0006AC76,0501F30B,0006AC76
000EAA2B,0005EFA2,0501F32F,0005EFA2
000EAA2C,0005EFA2,0501F448,0005EFA2
000EAA2D,0005EFA2,0501F447,0005EFA2
000EAA45,0005D721,0501F75C,0005D721
000EAA2E,0005EFA2,0501F6A5,0005EFA2
000EAA2F,0005EFA2,0501F733,0005EFA2
000EAA30,0005EFA2,0501F517,0005EFA2
000F718E,00000003,0501F33B,00000003
000F7181,000612F3,0501F1AF,000612F3
000F7180,000612F3,0501F262,000612F3
000F717E,000612F3,0501F5F7,000612F3
000F717D,000612F3,0501F41E,000612F3
000F717C,000612F3,0501F5A0,000612F3
000F717B,000612F3,0501F419,000612F3
000F717A,000612F3,0501F412,000612F3
000F7179,000612F3,0501F410,000612F3
000F7178,000612F3,0501F40F,000612F3
000F7177,000612F3,0501F40D,000612F3
000F7176,000612F3,0501F409,000612F3
000F7175,000612F3,0501F407,000612F3
000F7174,000612F3,0501F7E9,000612F3
000F7173,000612F3,0501F400,000612F3
000F7172,000612F3,0501F653,000612F3
000F716F,000612F3,0501F3F8,000612F3
000F716E,000612F3,0501F4C5,000612F3
000F716D,000612F3,0501F199,000612F3
000F716C,000612F3,0501F3F6,000612F3
000F716B,000612F3,0501F461,000612F3
000F716A,000612F3,0501F3F4,000612F3
000F7169,000612F3,0501F5BC,000612F3
000F7166,000612F3,0501F3F2,000612F3
000F7165,000612F3,0501F727,000612F3
000F7164,000612F3,0501F3E8,000612F3
000F7163,000612F3,0501F3E7,000612F3
000F7162,000612F3,0501F3E5,000612F3
000F7161,000612F3,0501F736,000612F3
000F7160,000612F3,0501F3E0,000612F3
000F715D,000612F3,0501F31D,000612F3
000F715C,000612F3,0501F3DF,000612F3
000F715B,000612F3,0501F3D8,000612F3
000F715A,000612F3,0501F367,000612F3
000F7159,000612F3,0501F3D3,000612F3
000F7158,000612F3,0501F3D2,000612F3
000F7157,000612F3,0501F3D1,000612F3
000F7154,000612F3,0501F3CF,000612F3
000F7153,000612F3,0501F3CA,000612F3
000F7152,000612F3,0501F3C7,000612F3
000F7151,000612F3,0501F4D2,000612F3
000F7150,000612F3,0501F57D,000612F3
000F714F,000612F3,0501F3C2,000612F3
000F714E,000612F3,0501F82F,000612F3
000F714B,000612F3,0501F7F6,000612F3
000F714A,000612F3,0501F270,000612F3
000F7149,000612F3,0501F310,000612F3
000F7148,000612F3,0501F3BE,000612F3
000F7147,000612F3,0501F3BD,000612F3
000F7146,000612F3,0501F231,000612F3
000F7145,000612F3,0501F33F,000612F3
000F7142,000612F3,0501F676,000612F3
000F7141,000612F3,0501F3BA,000612F3
000F7140,000612F3,0501F3B8,000612F3
000F713F,000612F3,0501F7FD,000612F3
000F713E,000612F3,0501F293,000612F3
000F713D,000612F3,0501F1EE,000612F3
000F7139,000612F3,0501F1A4,000612F3
000F7138,000612F3,0501F528,000612F3
000F7137,000612F3,0501F3B4,000612F3
000F7136,000612F3,0501F5B6,000612F3
000F7135,000612F3,0501F39B,000612F3
000F7134,000612F3,0501F3B1,000612F3
000F7130,000612F3,0501F28D,000612F3
000F712F,000612F3,0501F26F,000612F3
000F712E,000612F3,0501F3AF,000612F3
000F712D,000612F3,0501F4C8,000612F3
000F712C,000612F3,0501F3A8,000612F3
000F712B,000612F3,0501F5EB,000612F3
000F712A,000612F3,0501F3A6,000612F3
000F7129,000612F3,0501F44E,000612F3
000F7128,000612F3,0501F642,000612F3
000F7127,000612F3,0501F57B,000612F3
000F7126,000612F3,0501F1CB,000612F3
000F7125,000612F3,0501F39D,000612F3
000F7124,000612F3,0501F399,000612F3
000F7123,000612F3,0501F398,000612F3
000F7122,000612F3,0501F397,000612F3
000F7121,000612F3,0501F25F,000612F3
000F7120,000612F3,0501F396,000612F3
000F711F,000612F3,0501F395,000612F3
000F711E,000612F3,0501F5F4,000612F3
000F711D,000612F3,0501F257,000612F3
000F711C,000612F3,0501F4F2,000612F3
000F711B,000612F3,0501F52B,000612F3
000F711A,000612F3,0501F1BA,000612F3
000F7119,000612F3,0501F2D8,000612F3
000F7118,000612F3,0501F482,000612F3
000F7115,000612F3,0501F384,000612F3
000F7114,000612F3,0501F383,000612F3
000F7113,000612F3,0501F381,000612F3
000F7112,000612F3,0501F37D,000612F3
000F7111,000612F3,0501F37C,000612F3
000F7110,000612F3,0501F37A,000612F3
000F710F,000612F3,0501F375,000612F3
000F710E,000612F3,0501F374,000612F3
000F710D,000612F3,0501F372,000612F3
000F710C,000612F3,0501F3A4,000612F3
000F710B,000612F3,0501F7DD,000612F3
000F710A,000612F3,0501F78B,000612F3
000F7109,000612F3,0501F369,000612F3
000F7108,000612F3,0501F3D4,000612F3
000F7107,000612F3,0501F4C1,000612F3
000F7106,000612F3,0501F364,000612F3
000F7105,000612F3,0501F328,000612F3
000F7104,000612F3,0501F363,000612F3
00109ED3,0002F2F4,0501F423,0002F2F4
00109ED4,000319E5,0501F85C,000319E5
00109ED5,000319E5,0501F35D,000319E5
00109ED6,00064B2E,0501F6EA,00064B2E
00109ED7,00064B2E,0501F35A,00064B2E
00109ED8,00064B2E,0501F359,00064B2E
00109ED9,00064B2E,0501F358,00064B2E
00109EDA,00098621,0501F3B5,00098621
00109EDB,00098621,0501F3C3,00098621
00109EDC,00045C28,0501F865,00045C28
00109EDD,000516C8,0501F813,000516C8
00109EDE,00045C28,0501F6F3,00045C28
00109EDF,0005076E,0501F1DD,0005076E
00109EE0,00044E70,0501F344,00044E70
00109EE1,00044E70,0501F34E,00044E70
00109EE2,00044E70,0501F341,00044E70
00109EE3,00045C28,0501F3BC,00045C28
00109EE4,00044E70,0501F785,00044E70
00109EE5,00045C28,0501F33C,00045C28
000D6A17,000D6A16,0501F2C4,05024106
000D6A18,000D6A16,0501F3AA,05023C4C
000C85DD,000E2FC5,0501F6B6,0001ACD4
000C85C7,000ED03C,0501F343,0001B22C
000C85B3,0001ACB9,0501F57F,0001ACB5
000C859B,000EA5B0,0501F7F1,000ED601